
INSERT INTO education_levels (id, name, created_at, updated_at, deleted_at)
VALUES
    ('1', 'No College', '2022-05-30 12:09:36.824', '2022-05-30 12:09:36.825', NULL),
    ('2', 'Some College', '2022-05-30 12:09:36.824', '2022-05-30 12:09:36.825', NULL),
    ('3', 'Associates Degree', '2022-05-30 12:09:36.824', '2022-05-30 12:09:36.825', NULL),
    ('4', 'Bachelors Degree', '2022-05-30 12:09:36.824', '2022-05-30 12:09:36.825', NULL),
    ('5', 'Masters Degree', '2022-05-30 12:09:36.824', '2022-05-30 12:09:36.825', NULL),
    ('6', 'Doctorate', '2022-05-30 12:09:36.824', '2022-05-30 12:09:36.825', NULL),
    ('7', 'Masters of Business Administration', '2022-05-30 12:09:36.824', '2022-05-30 12:09:36.825', NULL);
    


INSERT INTO job_titles (id, name, created_at, updated_at, deleted_at)
VALUES
    ('1', 'Administrative Assistant', '2022-05-30 12:09:36.842', '2022-05-30 12:09:36.842', NULL),
    ('2', 'Database Administrator', '2022-05-30 12:09:36.842', '2022-05-30 12:09:36.842', NULL),
    ('3', 'Design Engineer', '2022-05-30 12:09:36.842', '2022-05-30 12:09:36.842', NULL),
    ('4', 'Legal Counsel', '2022-05-30 12:09:36.842', '2022-05-30 12:09:36.842', NULL),
    ('5', 'Manager', '2022-05-30 12:09:36.842', '2022-05-30 12:09:36.842', NULL),
    ('6', 'Network Engineer', '2022-05-30 12:09:36.842', '2022-05-30 12:09:36.842', NULL),
    ('7', 'President', '2022-05-30 12:09:36.842', '2022-05-30 12:09:36.842', NULL),
    ('8', 'Sales Rep', '2022-05-30 12:09:36.842', '2022-05-30 12:09:36.842', NULL),
    ('9', 'Shipping and Receiving', '2022-05-30 12:09:36.842', '2022-05-30 12:09:36.842', NULL),
    ('10', 'Software Engineer', '2022-05-30 12:09:36.842', '2022-05-30 12:09:36.842', NULL);
    


INSERT INTO locations (id, name, address, city, state, created_at, updated_at, deleted_at)
VALUES
    ('1', 'West Coast', '705 James Way', 'San Francisco', 'CA', '2022-05-30 12:09:36.845', '2022-05-30 12:09:36.845', NULL),
    ('2', 'Midwest', '1300 Nicollet Mall', 'Minnapolis', 'MN', '2022-05-30 12:09:36.845', '2022-05-30 12:09:36.845', NULL),
    ('3', 'East Coast', '165 Broadway', 'New York City', 'NY', '2022-05-30 12:09:36.845', '2022-05-30 12:09:36.845', NULL),
    ('4', 'HQ', '1 Tech ABC Corp Way', 'Dallas', 'TX', '2022-05-30 12:09:36.845', '2022-05-30 12:09:36.845', NULL),
    ('5', 'South', '422 Broadway', 'Nashville', 'TN', '2022-05-30 12:09:36.845', '2022-05-30 12:09:36.845', NULL);
    


INSERT INTO departments (id, name, created_at, updated_at, deleted_at)
VALUES
    ('1', 'Distribution', '2022-05-30 12:09:36.848', '2022-05-30 12:09:36.848', NULL),
    ('2', 'HQ', '2022-05-30 12:09:36.848', '2022-05-30 12:09:36.848', NULL),
    ('3', 'IT', '2022-05-30 12:09:36.848', '2022-05-30 12:09:36.848', NULL),
    ('4', 'Product Development', '2022-05-30 12:09:36.848', '2022-05-30 12:09:36.848', NULL),
    ('5', 'Sales', '2022-05-30 12:09:36.848', '2022-05-30 12:09:36.848', NULL);
    


INSERT INTO employees (id, name, email, hire_date, education_level_id, created_at, updated_at, deleted_at)
VALUES
    ('E17469', 'Haifa Hajiri', 'Haifa.Hajiri@TechCorp.com', '2003-12-17', '1', '2022-05-30 12:09:36.830', '2022-05-30 12:09:36.830', NULL),
    ('E35053', 'Ashley Bergman', 'Ashley.Bergman@TechCorp.com', '2009-03-01', '1', '2022-05-30 12:09:36.830', '2022-05-30 12:09:36.830', NULL),
    ('E51723', 'Carlos Lopez', 'Carlos.Lopez@TechCorp.com', '2014-05-23', '1', '2022-05-30 12:09:36.830', '2022-05-30 12:09:36.830', NULL),
    ('E25640', 'Joseph Donohue', 'Joseph.Donohue@TechCorp.com', '2007-12-27', '1', '2022-05-30 12:09:36.830', '2022-05-30 12:09:36.830', NULL),
    ('E48148', 'Alexis Fitzpatrick', 'Alexis.Fitzpatrick@TechCorp.com', '2013-02-19', '1', '2022-05-30 12:09:36.830', '2022-05-30 12:09:36.830', NULL),
    ('E50012', 'Ann Roberto', 'Ann.Roberto@TechCorp.com', '2009-10-01', '1', '2022-05-30 12:09:36.830', '2022-05-30 12:09:36.830', NULL),
    ('E57987', 'Nicole Lee', 'Nicole.Lee@TechCorp.com', '2016-05-15', '1', '2022-05-30 12:09:36.830', '2022-05-30 12:09:36.830', NULL),
    ('E73518', 'Cheryl Pike', 'Cheryl.Pike@TechCorp.com', '2001-03-24', '1', '2022-05-30 12:09:36.830', '2022-05-30 12:09:36.830', NULL),
    ('E87219', 'Jorge Moscoso', 'Jorge.Moscoso@TechCorp.com', '2017-09-20', '1', '2022-05-30 12:09:36.830', '2022-05-30 12:09:36.830', NULL),
    ('E89540', 'Amit Hardiya', 'Amit.Hardiya@TechCorp.com', '2017-06-01', '1', '2022-05-30 12:09:36.830', '2022-05-30 12:09:36.830', NULL),
    ('E15267', 'Shanteel Jackson', 'Shanteel.Jackson@TechCorp.com', '1998-02-22', '1', '2022-05-30 12:09:36.830', '2022-05-30 12:09:36.830', NULL),
    ('E45405', 'Prashant Sharma', 'Prashant.Sharma@TechCorp.com', '2000-09-06', '1', '2022-05-30 12:09:36.830', '2022-05-30 12:09:36.830', NULL),
    ('E53895', 'Kumar Durairaj', 'Kumar.Durairaj@TechCorp.com', '2014-10-27', '1', '2022-05-30 12:09:36.830', '2022-05-30 12:09:36.830', NULL),
    ('E71128', 'Stan Frank', 'Stan.Frank@TechCorp.com', '1998-01-28', '1', '2022-05-30 12:09:36.830', '2022-05-30 12:09:36.830', NULL),
    ('E27621', 'Wendell Mobley', 'Wendell.Mobley@TechCorp.com', '2013-11-27', '2', '2022-05-30 12:09:36.830', '2022-05-30 12:09:36.830', NULL),
    ('E59688', 'Jason Wingard', 'Jason.Wingard@TechCorp.com', '2006-01-11', '2', '2022-05-30 12:09:36.830', '2022-05-30 12:09:36.830', NULL),
    ('E35075', 'John Certa', 'John.Certa@TechCorp.com', '2007-08-29', '2', '2022-05-30 12:09:36.830', '2022-05-30 12:09:36.830', NULL),
    ('E81502', 'Danny Laxton', 'Danny.Laxton@TechCorp.com', '1999-10-24', '2', '2022-05-30 12:09:36.830', '2022-05-30 12:09:36.830', NULL),
    ('E12562', 'Keith Ingram', 'Keith.Ingram@TechCorp.com', '1996-04-14', '2', '2022-05-30 12:09:36.830', '2022-05-30 12:09:36.830', NULL),
    ('E74296', 'Krishna Burli', 'Krishna.Burli@TechCorp.com', '2016-12-19', '2', '2022-05-30 12:09:36.830', '2022-05-30 12:09:36.830', NULL),
    ('E31931', 'Leo Manhanga', 'Leo.Manhanga@TechCorp.com', '2013-09-26', '2', '2022-05-30 12:09:36.830', '2022-05-30 12:09:36.830', NULL),
    ('E49459', 'Courtney Newman', 'Courtney.Newman@TechCorp.com', '2020-03-28', '2', '2022-05-30 12:09:36.830', '2022-05-30 12:09:36.830', NULL),
    ('E55880', 'Alex Warring', 'Alex.Warring@TechCorp.com', '1995-07-18', '2', '2022-05-30 12:09:36.830', '2022-05-30 12:09:36.830', NULL),
    ('E86238', 'Raymond Dorset', 'Raymond.Dorset@TechCorp.com', '2012-04-21', '2', '2022-05-30 12:09:36.830', '2022-05-30 12:09:36.830', NULL),
    ('E27909', 'Michael Sperduti', 'Michael.Sperduti@TechCorp.com', '2014-06-20', '3', '2022-05-30 12:09:36.830', '2022-05-30 12:09:36.830', NULL),
    ('E18697', 'Anita Deluise', 'Anita.Deluise@TechCorp.com', '1995-06-01', '3', '2022-05-30 12:09:36.830', '2022-05-30 12:09:36.830', NULL),
    ('E56459', 'Raven Landis', 'Raven.Landis@TechCorp.com', '2016-04-21', '3', '2022-05-30 12:09:36.830', '2022-05-30 12:09:36.830', NULL),
    ('E78732', 'Randy Myers', 'Randy.Myers@TechCorp.com', '2020-01-24', '3', '2022-05-30 12:09:36.830', '2022-05-30 12:09:36.830', NULL),
    ('E90407', 'Danny Godiksen', 'Danny.Godiksen@TechCorp.com', '2010-12-15', '3', '2022-05-30 12:09:36.830', '2022-05-30 12:09:36.830', NULL),
    ('E45824', 'Raj Prudvi', 'Raj.Prudvi@TechCorp.com', '2017-10-03', '3', '2022-05-30 12:09:36.830', '2022-05-30 12:09:36.830', NULL),
    ('E83558', 'Laura McKenna', 'Laura.McKenna@TechCorp.com', '1997-10-15', '3', '2022-05-30 12:09:36.830', '2022-05-30 12:09:36.830', NULL),
    ('E16346', 'Jill Fram', 'Jill.Fram@TechCorp.com', '2007-12-16', '3', '2022-05-30 12:09:36.830', '2022-05-30 12:09:36.830', NULL),
    ('E77317', 'Kathy Abiskaroon', 'Kathy.Abiskaroon@TechCorp.com', '2015-05-20', '3', '2022-05-30 12:09:36.830', '2022-05-30 12:09:36.830', NULL),
    ('E91791', 'Aaron Richman', 'Aaron.Richman@TechCorp.com', '2017-06-02', '3', '2022-05-30 12:09:36.830', '2022-05-30 12:09:36.830', NULL),
    ('E94358', 'Muhammed Rubel', 'Muhammed.Rubel@TechCorp.com', '2007-07-08', '3', '2022-05-30 12:09:36.830', '2022-05-30 12:09:36.830', NULL),
    ('E34496', 'Tony Hughes', 'Tony.Hughes@TechCorp.com', '2009-01-27', '3', '2022-05-30 12:09:36.830', '2022-05-30 12:09:36.830', NULL),
    ('E13160', 'Eric  Baxter', 'Eric .Baxter@TechCorp.com', '2008-10-06', '3', '2022-05-30 12:09:36.830', '2022-05-30 12:09:36.830', NULL),
    ('E62634', 'Karen Lafler', 'Karen.Lafler@TechCorp.com', '2014-08-19', '3', '2022-05-30 12:09:36.830', '2022-05-30 12:09:36.830', NULL),
    ('E91075', 'Micah Vass', 'Micah.Vass@TechCorp.com', '2019-12-15', '3', '2022-05-30 12:09:36.830', '2022-05-30 12:09:36.830', NULL),
    ('E11678', 'Colleen Alma', 'Colleen.Alma@TechCorp.com', '2001-12-26', '3', '2022-05-30 12:09:36.830', '2022-05-30 12:09:36.830', NULL),
    ('E12397', 'Daniel Matkovic', 'Daniel.Matkovic@TechCorp.com', '2013-11-17', '3', '2022-05-30 12:09:36.830', '2022-05-30 12:09:36.830', NULL),
    ('E23429', 'Andrew Yoon', 'Andrew.Yoon@TechCorp.com', '2018-11-14', '3', '2022-05-30 12:09:36.830', '2022-05-30 12:09:36.830', NULL),
    ('E31241', 'Laura House', 'Laura.House@TechCorp.com', '2014-05-10', '3', '2022-05-30 12:09:36.830', '2022-05-30 12:09:36.830', NULL),
    ('E46366', 'Johnathan Wayman', 'Johnathan.Wayman@TechCorp.com', '2004-10-16', '3', '2022-05-30 12:09:36.830', '2022-05-30 12:09:36.830', NULL),
    ('E87073', 'Yuesef Hosni', 'Yuesef.Hosni@TechCorp.com', '2007-01-02', '3', '2022-05-30 12:09:36.830', '2022-05-30 12:09:36.830', NULL),
    ('E36988', 'Michelle Zietz', 'Michelle.Zietz@TechCorp.com', '2015-10-31', '3', '2022-05-30 12:09:36.830', '2022-05-30 12:09:36.830', NULL),
    ('E52489', 'Kelly Price', 'Kelly.Price@TechCorp.com', '2002-12-05', '3', '2022-05-30 12:09:36.830', '2022-05-30 12:09:36.830', NULL),
    ('E69297', 'Nilden Tutalar', 'Nilden.Tutalar@TechCorp.com', '2013-03-21', '3', '2022-05-30 12:09:36.830', '2022-05-30 12:09:36.830', NULL),
    ('E90435', 'Russell Morales', 'Russell.Morales@TechCorp.com', '2017-02-20', '3', '2022-05-30 12:09:36.830', '2022-05-30 12:09:36.830', NULL),
    ('E99949', 'William Graf', 'William.Graf@TechCorp.com', '2005-05-26', '4', '2022-05-30 12:09:36.830', '2022-05-30 12:09:36.830', NULL),
    ('E37523', 'Alan Mecklet', 'Alan.Mecklet@TechCorp.com', '2017-12-02', '4', '2022-05-30 12:09:36.830', '2022-05-30 12:09:36.830', NULL),
    ('E16678', 'Abby Lockhart', 'Abby.Lockhart@TechCorp.com', '2005-11-25', '4', '2022-05-30 12:09:36.830', '2022-05-30 12:09:36.830', NULL),
    ('E27498', 'Toni Lembeck', 'Toni.Lembeck@TechCorp.com', '2001-07-18', '4', '2022-05-30 12:09:36.830', '2022-05-30 12:09:36.830', NULL),
    ('E37246', 'Paulius Mikalainis', 'Paulius.Mikalainis@TechCorp.com', '2013-10-23', '4', '2022-05-30 12:09:36.830', '2022-05-30 12:09:36.830', NULL),
    ('E49025', 'Mark Fiore', 'Mark.Fiore@TechCorp.com', '2005-06-09', '4', '2022-05-30 12:09:36.830', '2022-05-30 12:09:36.830', NULL),
    ('E34500', 'Kathy Fedder', 'Kathy.Fedder@TechCorp.com', '1997-01-17', '4', '2022-05-30 12:09:36.830', '2022-05-30 12:09:36.830', NULL),
    ('E41635', 'James Aryeetey', 'James.Aryeetey@TechCorp.com', '2005-03-26', '4', '2022-05-30 12:09:36.830', '2022-05-30 12:09:36.830', NULL),
    ('E51619', 'Tom Meola', 'Tom.Meola@TechCorp.com', '2011-10-05', '4', '2022-05-30 12:09:36.830', '2022-05-30 12:09:36.830', NULL),
    ('E98270', 'Jeff Barnhill', 'Jeff.Barnhill@TechCorp.com', '1997-12-24', '4', '2022-05-30 12:09:36.830', '2022-05-30 12:09:36.830', NULL),
    ('E45758', 'Walter Waddler', 'Walter.Waddler@TechCorp.com', '2017-12-19', '4', '2022-05-30 12:09:36.830', '2022-05-30 12:09:36.830', NULL),
    ('E34748', 'Holly Smith', 'Holly.Smith@TechCorp.com', '2011-04-28', '4', '2022-05-30 12:09:36.830', '2022-05-30 12:09:36.830', NULL),
    ('E36960', 'Ken Beer', 'Ken.Beer@TechCorp.com', '2008-04-26', '4', '2022-05-30 12:09:36.830', '2022-05-30 12:09:36.830', NULL),
    ('E48884', 'Stacey Lewis', 'Stacey.Lewis@TechCorp.com', '2008-06-01', '4', '2022-05-30 12:09:36.830', '2022-05-30 12:09:36.830', NULL),
    ('E62527', 'Barry Walsh', 'Barry.Walsh@TechCorp.com', '2006-06-15', '4', '2022-05-30 12:09:36.830', '2022-05-30 12:09:36.830', NULL),
    ('E67793', 'Fausto Recalde', 'Fausto.Recalde@TechCorp.com', '2018-06-07', '4', '2022-05-30 12:09:36.830', '2022-05-30 12:09:36.830', NULL),
    ('E79552', 'Angela Masdary', 'Angela.Masdary@TechCorp.com', '2008-02-05', '4', '2022-05-30 12:09:36.830', '2022-05-30 12:09:36.830', NULL),
    ('E81369', 'Kevin Soltis', 'Kevin.Soltis@TechCorp.com', '2019-05-29', '4', '2022-05-30 12:09:36.830', '2022-05-30 12:09:36.830', NULL),
    ('E83512', 'Tim Lawler', 'Tim.Lawler@TechCorp.com', '1996-10-22', '4', '2022-05-30 12:09:36.830', '2022-05-30 12:09:36.830', NULL),
    ('E14913', 'Aaron Gordon ', 'Aaron.Gordon @TechCorp.com', '1998-07-15', '4', '2022-05-30 12:09:36.830', '2022-05-30 12:09:36.830', NULL),
    ('E23669', 'Karen Brown', 'Karen.Brown@TechCorp.com', '2017-04-23', '4', '2022-05-30 12:09:36.830', '2022-05-30 12:09:36.830', NULL),
    ('E30317', 'Siena Spitzer', 'Siena.Spitzer@TechCorp.com', '2019-01-03', '4', '2022-05-30 12:09:36.830', '2022-05-30 12:09:36.830', NULL),
    ('E47926', 'Janice Canterbury', 'Janice.Canterbury@TechCorp.com', '2008-05-31', '4', '2022-05-30 12:09:36.830', '2022-05-30 12:09:36.830', NULL),
    ('E10407', 'Darshan Rathod', 'Darshan.Rathod@TechCorp.com', '2018-10-08', '4', '2022-05-30 12:09:36.830', '2022-05-30 12:09:36.830', NULL),
    ('E13596', 'Kenneth Dewitt', 'Kenneth.Dewitt@TechCorp.com', '2012-04-09', '4', '2022-05-30 12:09:36.830', '2022-05-30 12:09:36.830', NULL),
    ('E16995', 'Wilson Martinez', 'Wilson.Martinez@TechCorp.com', '2001-02-28', '4', '2022-05-30 12:09:36.830', '2022-05-30 12:09:36.830', NULL),
    ('E22680', 'Cassidy Bancroft', 'Cassidy.Bancroft@TechCorp.com', '2013-10-26', '4', '2022-05-30 12:09:36.830', '2022-05-30 12:09:36.830', NULL),
    ('E25662', 'Doug Tomson', 'Doug.Tomson@TechCorp.com', '1995-06-22', '4', '2022-05-30 12:09:36.830', '2022-05-30 12:09:36.830', NULL),
    ('E28092', 'Tuan Yang', 'Tuan.Yang@TechCorp.com', '2008-11-01', '4', '2022-05-30 12:09:36.830', '2022-05-30 12:09:36.830', NULL),
    ('E28638', 'Marie Dumadara', 'Marie.Dumadara@TechCorp.com', '2004-06-02', '4', '2022-05-30 12:09:36.830', '2022-05-30 12:09:36.830', NULL),
    ('E30058', 'Bertin Dakouo', 'Bertin.Dakouo@TechCorp.com', '2013-09-24', '4', '2022-05-30 12:09:36.830', '2022-05-30 12:09:36.830', NULL),
    ('E32058', 'Curtis Gibson', 'Curtis.Gibson@TechCorp.com', '2009-01-19', '4', '2022-05-30 12:09:36.830', '2022-05-30 12:09:36.830', NULL),
    ('E34816', 'Roseann Martineeti', 'Roseann.Martineeti@TechCorp.com', '2000-08-01', '4', '2022-05-30 12:09:36.830', '2022-05-30 12:09:36.830', NULL),
    ('E35860', 'Vivian Kovach', 'Vivian.Kovach@TechCorp.com', '1999-08-18', '4', '2022-05-30 12:09:36.830', '2022-05-30 12:09:36.830', NULL),
    ('E39652', 'Kyle Guilmartin', 'Kyle.Guilmartin@TechCorp.com', '2012-08-11', '4', '2022-05-30 12:09:36.830', '2022-05-30 12:09:36.830', NULL),
    ('E49798', 'Greg Stirton', 'Greg.Stirton@TechCorp.com', '1998-01-09', '4', '2022-05-30 12:09:36.830', '2022-05-30 12:09:36.830', NULL),
    ('E54196', 'Phil  Wisneski', 'Phil .Wisneski@TechCorp.com', '2004-12-18', '4', '2022-05-30 12:09:36.830', '2022-05-30 12:09:36.830', NULL),
    ('E57502', 'Frank Debanco', 'Frank.Debanco@TechCorp.com', '2016-07-21', '4', '2022-05-30 12:09:36.830', '2022-05-30 12:09:36.830', NULL),
    ('E63930', 'Sonali Baidya', 'Sonali.Baidya@TechCorp.com', '2009-02-25', '4', '2022-05-30 12:09:36.830', '2022-05-30 12:09:36.830', NULL),
    ('E91182', 'Nick Gowen', 'Nick.Gowen@TechCorp.com', '2013-05-18', '4', '2022-05-30 12:09:36.830', '2022-05-30 12:09:36.830', NULL),
    ('E93734', 'Melissa DeMaio', 'Melissa.DeMaio@TechCorp.com', '2005-06-21', '4', '2022-05-30 12:09:36.830', '2022-05-30 12:09:36.830', NULL),
    ('E93871', 'Travis Black', 'Travis.Black@TechCorp.com', '2002-04-30', '4', '2022-05-30 12:09:36.830', '2022-05-30 12:09:36.830', NULL),
    ('E94387', 'Erica Davis', 'Erica.Davis@TechCorp.com', '2003-07-25', '4', '2022-05-30 12:09:36.830', '2022-05-30 12:09:36.830', NULL),
    ('E97273', 'Justin Hayes', 'Justin.Hayes@TechCorp.com', '2004-06-05', '4', '2022-05-30 12:09:36.830', '2022-05-30 12:09:36.830', NULL),
    ('E11920', 'Sharon Gillies', 'Sharon.Gillies@TechCorp.com', '2006-06-19', '4', '2022-05-30 12:09:36.830', '2022-05-30 12:09:36.830', NULL),
    ('E16276', 'Analyn Braza', 'Analyn.Braza@TechCorp.com', '1996-03-07', '4', '2022-05-30 12:09:36.830', '2022-05-30 12:09:36.830', NULL),
    ('E17372', 'Greg Pratt', 'Greg.Pratt@TechCorp.com', '2009-06-08', '4', '2022-05-30 12:09:36.830', '2022-05-30 12:09:36.830', NULL),
    ('E20101', 'Zoey Bulter', 'Zoey.Bulter@TechCorp.com', '2012-12-03', '4', '2022-05-30 12:09:36.830', '2022-05-30 12:09:36.830', NULL),
    ('E24539', 'Grace Messinger', 'Grace.Messinger@TechCorp.com', '2004-12-12', '4', '2022-05-30 12:09:36.830', '2022-05-30 12:09:36.830', NULL),
    ('E27267', 'Preston Lilly', 'Preston.Lilly@TechCorp.com', '2010-08-29', '4', '2022-05-30 12:09:36.830', '2022-05-30 12:09:36.830', NULL),
    ('E29129', 'Belinda Van Loon', 'Belinda.Van Loon@TechCorp.com', '2007-12-03', '4', '2022-05-30 12:09:36.830', '2022-05-30 12:09:36.830', NULL),
    ('E32359', 'Jen  Frangias', 'Jen .Frangias@TechCorp.com', '2019-03-24', '4', '2022-05-30 12:09:36.830', '2022-05-30 12:09:36.830', NULL),
    ('E36346', 'Tyrone Curtis', 'Tyrone.Curtis@TechCorp.com', '1999-06-22', '4', '2022-05-30 12:09:36.830', '2022-05-30 12:09:36.830', NULL),
    ('E38997', 'Roseann Clemente', 'Roseann.Clemente@TechCorp.com', '2007-09-21', '4', '2022-05-30 12:09:36.830', '2022-05-30 12:09:36.830', NULL),
    ('E42061', 'Diana Teppen', 'Diana.Teppen@TechCorp.com', '2013-11-04', '4', '2022-05-30 12:09:36.830', '2022-05-30 12:09:36.830', NULL),
    ('E44136', 'Erica Siegal', 'Erica.Siegal@TechCorp.com', '2002-01-09', '4', '2022-05-30 12:09:36.830', '2022-05-30 12:09:36.830', NULL),
    ('E45236', 'Patti Hoeg', 'Patti.Hoeg@TechCorp.com', '2008-05-29', '4', '2022-05-30 12:09:36.830', '2022-05-30 12:09:36.830', NULL),
    ('E52461', 'Lena Thorton', 'Lena.Thorton@TechCorp.com', '2014-11-11', '4', '2022-05-30 12:09:36.830', '2022-05-30 12:09:36.830', NULL),
    ('E61947', 'Charles Wirry', 'Charles.Wirry@TechCorp.com', '2010-03-04', '4', '2022-05-30 12:09:36.830', '2022-05-30 12:09:36.830', NULL),
    ('E65052', 'Leobrian Mason', 'Leobrian.Mason@TechCorp.com', '1995-09-15', '4', '2022-05-30 12:09:36.830', '2022-05-30 12:09:36.830', NULL),
    ('E68807', 'Wes Tappan', 'Wes.Tappan@TechCorp.com', '2010-11-10', '4', '2022-05-30 12:09:36.830', '2022-05-30 12:09:36.830', NULL),
    ('E70374', 'Norman Guerrero', 'Norman.Guerrero@TechCorp.com', '2007-08-19', '4', '2022-05-30 12:09:36.830', '2022-05-30 12:09:36.830', NULL),
    ('E70603', 'Soek Sohn', 'Soek.Sohn@TechCorp.com', '2006-07-06', '4', '2022-05-30 12:09:36.830', '2022-05-30 12:09:36.830', NULL),
    ('E72436', 'Eileen Chuss', 'Eileen.Chuss@TechCorp.com', '2013-05-11', '4', '2022-05-30 12:09:36.830', '2022-05-30 12:09:36.830', NULL),
    ('E74490', 'Alejandro Scannapieco', 'Alejandro.Scannapieco@TechCorp.com', '1999-05-22', '4', '2022-05-30 12:09:36.830', '2022-05-30 12:09:36.830', NULL),
    ('E87230', 'Sara Erwin', 'Sara.Erwin@TechCorp.com', '2014-11-10', '4', '2022-05-30 12:09:36.830', '2022-05-30 12:09:36.830', NULL),
    ('E87370', 'Misha Tsidulko', 'Misha.Tsidulko@TechCorp.com', '2013-11-18', '4', '2022-05-30 12:09:36.830', '2022-05-30 12:09:36.830', NULL),
    ('E88864', 'Susan Woodruff', 'Susan.Woodruff@TechCorp.com', '2008-11-15', '4', '2022-05-30 12:09:36.830', '2022-05-30 12:09:36.830', NULL),
    ('E90222', 'Yawer Ali', 'Yawer.Ali@TechCorp.com', '2016-11-01', '4', '2022-05-30 12:09:36.830', '2022-05-30 12:09:36.830', NULL),
    ('E93715', 'Charles Barker', 'Charles.Barker@TechCorp.com', '1998-04-29', '4', '2022-05-30 12:09:36.830', '2022-05-30 12:09:36.830', NULL),
    ('E98559', 'Max Yish', 'Max.Yish@TechCorp.com', '2006-11-11', '4', '2022-05-30 12:09:36.830', '2022-05-30 12:09:36.830', NULL),
    ('E13085', 'Susan Cole ', 'Susan.Cole @TechCorp.com', '2017-05-01', '4', '2022-05-30 12:09:36.830', '2022-05-30 12:09:36.830', NULL),
    ('E95190', 'Christina Roth', 'Christina.Roth@TechCorp.com', '2016-04-26', '4', '2022-05-30 12:09:36.830', '2022-05-30 12:09:36.830', NULL),
    ('E15292', 'Melinda Fisher', 'Melinda.Fisher@TechCorp.com', '2011-02-06', '4', '2022-05-30 12:09:36.830', '2022-05-30 12:09:36.830', NULL),
    ('E20848', 'Edward Eslser', 'Edward.Eslser@TechCorp.com', '2006-07-26', '4', '2022-05-30 12:09:36.830', '2022-05-30 12:09:36.830', NULL),
    ('E84122', 'Congkhanh Nguyen', 'Congkhanh.Nguyen@TechCorp.com', '2017-10-28', '4', '2022-05-30 12:09:36.830', '2022-05-30 12:09:36.830', NULL),
    ('E85640', 'Tara Madison', 'Tara.Madison@TechCorp.com', '2001-02-03', '4', '2022-05-30 12:09:36.830', '2022-05-30 12:09:36.830', NULL),
    ('E90439', 'Janice McQueen', 'Janice.McQueen@TechCorp.com', '2000-07-23', '4', '2022-05-30 12:09:36.830', '2022-05-30 12:09:36.830', NULL),
    ('E96966', 'Lu Huang', 'Lu.Huang@TechCorp.com', '2014-12-19', '4', '2022-05-30 12:09:36.830', '2022-05-30 12:09:36.830', NULL),
    ('E97018', 'Jamie Foskett', 'Jamie.Foskett@TechCorp.com', '2000-09-08', '4', '2022-05-30 12:09:36.830', '2022-05-30 12:09:36.830', NULL),
    ('E10033', 'Jermaine Massey', 'Jermaine.Massey@TechCorp.com', '2016-03-07', '4', '2022-05-30 12:09:36.830', '2022-05-30 12:09:36.830', NULL),
    ('E21348', 'Nital Thaker', 'Nital.Thaker@TechCorp.com', '2016-09-28', '4', '2022-05-30 12:09:36.830', '2022-05-30 12:09:36.830', NULL),
    ('E25144', 'Chandi Bhandari', 'Chandi.Bhandari@TechCorp.com', '2007-10-25', '4', '2022-05-30 12:09:36.830', '2022-05-30 12:09:36.830', NULL),
    ('E26322', 'Raisa Paulson', 'Raisa.Paulson@TechCorp.com', '2010-10-20', '4', '2022-05-30 12:09:36.830', '2022-05-30 12:09:36.830', NULL),
    ('E62100', 'Victoria Pruitt', 'Victoria.Pruitt@TechCorp.com', '2000-02-15', '4', '2022-05-30 12:09:36.830', '2022-05-30 12:09:36.830', NULL),
    ('E63937', 'Rachael Anderson', 'Rachael.Anderson@TechCorp.com', '2014-07-15', '4', '2022-05-30 12:09:36.830', '2022-05-30 12:09:36.830', NULL),
    ('E87822', 'Anil Padala', 'Anil.Padala@TechCorp.com', '2014-04-02', '4', '2022-05-30 12:09:36.830', '2022-05-30 12:09:36.830', NULL),
    ('E76443', 'Thanuja Polani', 'Thanuja.Polani@TechCorp.com', '2020-02-16', '5', '2022-05-30 12:09:36.830', '2022-05-30 12:09:36.830', NULL),
    ('E86828', 'Philip Barnett', 'Philip.Barnett@TechCorp.com', '2011-09-29', '5', '2022-05-30 12:09:36.830', '2022-05-30 12:09:36.830', NULL),
    ('E98891', 'Doris Venama', 'Doris.Venama@TechCorp.com', '2017-09-30', '5', '2022-05-30 12:09:36.830', '2022-05-30 12:09:36.830', NULL),
    ('E25710', 'Brent Robinson', 'Brent.Robinson@TechCorp.com', '2005-08-14', '5', '2022-05-30 12:09:36.830', '2022-05-30 12:09:36.830', NULL),
    ('E41712', 'Elaine Podwika', 'Elaine.Podwika@TechCorp.com', '2012-01-06', '5', '2022-05-30 12:09:36.830', '2022-05-30 12:09:36.830', NULL),
    ('E42522', 'Fiona Morris', 'Fiona.Morris@TechCorp.com', '2007-05-26', '5', '2022-05-30 12:09:36.830', '2022-05-30 12:09:36.830', NULL),
    ('E48637', 'Joey Fulkerson', 'Joey.Fulkerson@TechCorp.com', '1999-09-26', '5', '2022-05-30 12:09:36.830', '2022-05-30 12:09:36.830', NULL),
    ('E60752', 'Michael Tholstrup', 'Michael.Tholstrup@TechCorp.com', '2010-02-27', '5', '2022-05-30 12:09:36.830', '2022-05-30 12:09:36.830', NULL),
    ('E77658', 'Hitesh Bhatt', 'Hitesh.Bhatt@TechCorp.com', '2012-03-15', '5', '2022-05-30 12:09:36.830', '2022-05-30 12:09:36.830', NULL),
    ('E53406', 'Janice Mayzlik', 'Janice.Mayzlik@TechCorp.com', '2001-10-25', '5', '2022-05-30 12:09:36.830', '2022-05-30 12:09:36.830', NULL),
    ('E75081', 'Dennis Fredrich', 'Dennis.Fredrich@TechCorp.com', '2008-10-08', '5', '2022-05-30 12:09:36.830', '2022-05-30 12:09:36.830', NULL),
    ('E79464', 'Anu Patel', 'Anu.Patel@TechCorp.com', '1999-05-01', '5', '2022-05-30 12:09:36.830', '2022-05-30 12:09:36.830', NULL),
    ('E96856', 'Tom Wilson', 'Tom.Wilson@TechCorp.com', '2017-11-27', '5', '2022-05-30 12:09:36.830', '2022-05-30 12:09:36.830', NULL),
    ('E21696', 'Mallory Russo', 'Mallory.Russo@TechCorp.com', '1997-12-06', '5', '2022-05-30 12:09:36.830', '2022-05-30 12:09:36.830', NULL),
    ('E60929', 'Tanya Maheshwari', 'Tanya.Maheshwari@TechCorp.com', '2013-07-03', '5', '2022-05-30 12:09:36.830', '2022-05-30 12:09:36.830', NULL),
    ('E88667', 'Jennifer De La Garza', 'Jennifer.De La Garza@TechCorp.com', '1995-12-21', '5', '2022-05-30 12:09:36.830', '2022-05-30 12:09:36.830', NULL),
    ('E22197', 'Oliver Jia', 'Oliver.Jia@TechCorp.com', '2013-09-22', '5', '2022-05-30 12:09:36.830', '2022-05-30 12:09:36.830', NULL),
    ('E24100', 'Zondra Peck', 'Zondra.Peck@TechCorp.com', '1997-03-06', '5', '2022-05-30 12:09:36.830', '2022-05-30 12:09:36.830', NULL),
    ('E26874', 'Tiffany Harrington', 'Tiffany.Harrington@TechCorp.com', '2015-06-27', '5', '2022-05-30 12:09:36.830', '2022-05-30 12:09:36.830', NULL),
    ('E66477', 'Dakeem Coleman', 'Dakeem.Coleman@TechCorp.com', '2018-05-08', '5', '2022-05-30 12:09:36.830', '2022-05-30 12:09:36.830', NULL),
    ('E80744', 'Ginger Logan', 'Ginger.Logan@TechCorp.com', '2020-01-09', '5', '2022-05-30 12:09:36.830', '2022-05-30 12:09:36.830', NULL),
    ('E30678', 'Jody Hopkins', 'Jody.Hopkins@TechCorp.com', '2020-05-02', '5', '2022-05-30 12:09:36.830', '2022-05-30 12:09:36.830', NULL),
    ('E42681', 'James Henderson', 'James.Henderson@TechCorp.com', '1996-04-09', '5', '2022-05-30 12:09:36.830', '2022-05-30 12:09:36.830', NULL),
    ('E67190', 'Nathan Hile ', 'Nathan.Hile @TechCorp.com', '2007-07-24', '5', '2022-05-30 12:09:36.830', '2022-05-30 12:09:36.830', NULL),
    ('E95199', 'Carlos Fernandes', 'Carlos.Fernandes@TechCorp.com', '2017-01-09', '5', '2022-05-30 12:09:36.830', '2022-05-30 12:09:36.830', NULL),
    ('E22785', 'Tami Smith', 'Tami.Smith@TechCorp.com', '1997-12-08', '5', '2022-05-30 12:09:36.830', '2022-05-30 12:09:36.830', NULL),
    ('E37389', 'Becky Weaver', 'Becky.Weaver@TechCorp.com', '1996-12-08', '5', '2022-05-30 12:09:36.830', '2022-05-30 12:09:36.830', NULL),
    ('E55855', 'Parker Williams', 'Parker.Williams@TechCorp.com', '2018-05-20', '5', '2022-05-30 12:09:36.830', '2022-05-30 12:09:36.830', NULL),
    ('E56444', 'Curtis Steward', 'Curtis.Steward@TechCorp.com', '1999-06-10', '5', '2022-05-30 12:09:36.830', '2022-05-30 12:09:36.830', NULL),
    ('E60901', 'Samantha Kramer', 'Samantha.Kramer@TechCorp.com', '2010-01-10', '5', '2022-05-30 12:09:36.830', '2022-05-30 12:09:36.830', NULL),
    ('E61614', 'Elliot Foley', 'Elliot.Foley@TechCorp.com', '1996-07-21', '5', '2022-05-30 12:09:36.830', '2022-05-30 12:09:36.830', NULL),
    ('E14737', 'Juan Cosme', 'Juan.Cosme@TechCorp.com', '2012-07-22', '5', '2022-05-30 12:09:36.830', '2022-05-30 12:09:36.830', NULL),
    ('E23295', 'Lori Scatchard', 'Lori.Scatchard@TechCorp.com', '2004-05-08', '5', '2022-05-30 12:09:36.830', '2022-05-30 12:09:36.830', NULL),
    ('E23590', 'Dennis Wooten', 'Dennis.Wooten@TechCorp.com', '2013-04-06', '5', '2022-05-30 12:09:36.830', '2022-05-30 12:09:36.830', NULL),
    ('E35856', 'Beth Sepkowski', 'Beth.Sepkowski@TechCorp.com', '2017-05-03', '5', '2022-05-30 12:09:36.830', '2022-05-30 12:09:36.830', NULL),
    ('E40432', 'April Briggs', 'April.Briggs@TechCorp.com', '2010-01-30', '5', '2022-05-30 12:09:36.830', '2022-05-30 12:09:36.830', NULL),
    ('E90990', 'Tammy Tieman', 'Tammy.Tieman@TechCorp.com', '2014-11-16', '5', '2022-05-30 12:09:36.830', '2022-05-30 12:09:36.830', NULL),
    ('E94552', 'Geraldine Staler', 'Geraldine.Staler@TechCorp.com', '2013-10-31', '5', '2022-05-30 12:09:36.830', '2022-05-30 12:09:36.830', NULL),
    ('E12890', 'Robert Brown', 'Robert.Brown@TechCorp.com', '2010-06-06', '5', '2022-05-30 12:09:36.830', '2022-05-30 12:09:36.830', NULL),
    ('E18659', 'Arnold Hanson', 'Arnold.Hanson@TechCorp.com', '2008-01-27', '5', '2022-05-30 12:09:36.830', '2022-05-30 12:09:36.830', NULL),
    ('E29652', 'Jennifer Westin', 'Jennifer.Westin@TechCorp.com', '2007-06-14', '5', '2022-05-30 12:09:36.830', '2022-05-30 12:09:36.830', NULL),
    ('E38959', 'Ludovic Bocken', 'Ludovic.Bocken@TechCorp.com', '2006-09-16', '5', '2022-05-30 12:09:36.830', '2022-05-30 12:09:36.830', NULL),
    ('E85476', 'Shawn Reynolds', 'Shawn.Reynolds@TechCorp.com', '2003-07-22', '6', '2022-05-30 12:09:36.830', '2022-05-30 12:09:36.830', NULL),
    ('E38677', 'Michael Scilla', 'Michael.Scilla@TechCorp.com', '2014-04-17', '6', '2022-05-30 12:09:36.830', '2022-05-30 12:09:36.830', NULL),
    ('E45736', 'John Perez', 'John.Perez@TechCorp.com', '2015-04-04', '6', '2022-05-30 12:09:36.830', '2022-05-30 12:09:36.830', NULL),
    ('E56144', 'Cassidy Clayton', 'Cassidy.Clayton@TechCorp.com', '2013-01-28', '6', '2022-05-30 12:09:36.830', '2022-05-30 12:09:36.830', NULL),
    ('E33486', 'Stephen Colluci', 'Stephen.Colluci@TechCorp.com', '2000-08-02', '6', '2022-05-30 12:09:36.830', '2022-05-30 12:09:36.830', NULL),
    ('E38634', 'Zach Bratkovich', 'Zach.Bratkovich@TechCorp.com', '2014-11-22', '6', '2022-05-30 12:09:36.830', '2022-05-30 12:09:36.830', NULL),
    ('E47655', 'Cody Holland', 'Cody.Holland@TechCorp.com', '1997-11-27', '6', '2022-05-30 12:09:36.830', '2022-05-30 12:09:36.830', NULL),
    ('E87210', 'Gary Boyd', 'Gary.Boyd@TechCorp.com', '2014-04-18', '6', '2022-05-30 12:09:36.830', '2022-05-30 12:09:36.830', NULL),
    ('E95214', 'Faheem Ahmed', 'Faheem.Ahmed@TechCorp.com', '2019-09-22', '6', '2022-05-30 12:09:36.830', '2022-05-30 12:09:36.830', NULL),
    ('E76053', 'Darryl Reamer', 'Darryl.Reamer@TechCorp.com', '1998-08-23', '6', '2022-05-30 12:09:36.830', '2022-05-30 12:09:36.830', NULL),
    ('E43694', 'Benyam Gizaw', 'Benyam.Gizaw@TechCorp.com', '2016-10-28', '6', '2022-05-30 12:09:36.830', '2022-05-30 12:09:36.830', NULL),
    ('E71792', 'Jesse Curiel', 'Jesse.Curiel@TechCorp.com', '2014-03-30', '6', '2022-05-30 12:09:36.830', '2022-05-30 12:09:36.830', NULL),
    ('E93629', 'Tracy Emerson', 'Tracy.Emerson@TechCorp.com', '2013-07-22', '6', '2022-05-30 12:09:36.830', '2022-05-30 12:09:36.830', NULL),
    ('E64494', 'Patricia DuBois', 'Patricia.DuBois@TechCorp.com', '2007-05-11', '6', '2022-05-30 12:09:36.830', '2022-05-30 12:09:36.830', NULL),
    ('E64920', 'Mary Wesson', 'Mary.Wesson@TechCorp.com', '2019-05-11', '6', '2022-05-30 12:09:36.830', '2022-05-30 12:09:36.830', NULL),
    ('E63041', 'Allison Gentle', 'Allison.Gentle@TechCorp.com', '1995-08-22', '7', '2022-05-30 12:09:36.830', '2022-05-30 12:09:36.830', NULL),
    ('E44426', 'Jacob Lauber', 'Jacob.Lauber@TechCorp.com', '2007-05-02', '7', '2022-05-30 12:09:36.830', '2022-05-30 12:09:36.830', NULL),
    ('E77884', 'Conner Kinch', 'Conner.Kinch@TechCorp.com', '2002-12-09', '7', '2022-05-30 12:09:36.830', '2022-05-30 12:09:36.830', NULL),
    ('E17054', 'Tyrone Hutchison', 'Tyrone.Hutchison@TechCorp.com', '2006-09-07', '7', '2022-05-30 12:09:36.830', '2022-05-30 12:09:36.830', NULL),
    ('E75344', 'Michael Kapper', 'Michael.Kapper@TechCorp.com', '2009-03-20', '7', '2022-05-30 12:09:36.830', '2022-05-30 12:09:36.830', NULL),
    ('E82137', 'Arup Das', 'Arup.Das@TechCorp.com', '2006-10-04', '7', '2022-05-30 12:09:36.830', '2022-05-30 12:09:36.830', NULL);
    


INSERT INTO salaries (id, employee_id, amount, created_at, deleted_at, updated_at)
VALUES
    ('1', 'E10033', '111681', '2016-03-07', NULL, '2016-03-07'),
    ('2', 'E10407', '180692', '2018-10-08', NULL, '2018-10-08'),
    ('3', 'E11678', '76913', '2001-12-26', NULL, '2001-12-26'),
    ('4', 'E11920', '115719', '2006-06-19', NULL, '2006-06-19'),
    ('5', 'E12397', '71846', '2013-11-17', NULL, '2013-11-17'),
    ('6', 'E12562', '48910', '1996-04-14', NULL, '1996-04-14'),
    ('7', 'E12890', '136384', '2010-06-06', NULL, '2010-06-06'),
    ('8', 'E13085', '27811', '2017-05-01', NULL, '2017-05-01'),
    ('9', 'E13160', '76345', '2004-07-06', '2008-10-05 00:00:00', '2008-10-05'),
    ('10', 'E13160', '102614', '2008-10-06', NULL, '2008-10-06'),
    ('11', 'E13596', '180913', '2012-04-09', NULL, '2012-04-09'),
    ('12', 'E14737', '26050', '2012-07-22', NULL, '2012-07-22'),
    ('13', 'E14913', '103166', '1998-07-15', NULL, '1998-07-15'),
    ('14', 'E15267', '40806', '1998-02-22', NULL, '1998-02-22'),
    ('15', 'E15292', '32933', '2007-02-22', '2011-02-05 00:00:00', '2011-02-05'),
    ('16', 'E15292', '117958', '2011-02-06', NULL, '2011-02-06'),
    ('17', 'E16276', '208554', '1996-03-07', NULL, '1996-03-07'),
    ('18', 'E16346', '50462', '2007-12-16', NULL, '2007-12-16'),
    ('19', 'E16678', '65778', '1999-02-16', '2005-11-24 00:00:00', '2005-11-24'),
    ('20', 'E16678', '84297', '2005-11-25', NULL, '2005-11-25'),
    ('21', 'E16995', '130161', '2001-02-28', NULL, '2001-02-28'),
    ('22', 'E17054', '540000', '2006-09-07', NULL, '2006-09-07'),
    ('23', 'E17372', '170741', '2009-06-08', NULL, '2009-06-08'),
    ('24', 'E17469', '47418', '2003-12-17', NULL, '2003-12-17'),
    ('25', 'E18659', '124699', '2008-01-27', NULL, '2008-01-27'),
    ('26', 'E18697', '45325', '1995-06-01', NULL, '1995-06-01'),
    ('27', 'E20101', '157172', '2012-12-03', NULL, '2012-12-03'),
    ('28', 'E20848', '41407', '2002-04-16', '2006-07-25 00:00:00', '2006-07-25'),
    ('29', 'E20848', '83732', '2006-07-26', NULL, '2006-07-26'),
    ('30', 'E21348', '148313', '2016-09-28', NULL, '2016-09-28'),
    ('31', 'E21696', '167887', '1997-12-06', NULL, '1997-12-06'),
    ('32', 'E22197', '89618', '2013-09-22', NULL, '2013-09-22'),
    ('33', 'E22680', '196637', '2013-10-26', NULL, '2013-10-26'),
    ('34', 'E22785', '83535', '1997-12-08', NULL, '1997-12-08'),
    ('35', 'E23295', '57887', '2003-04-08', '2004-05-07 00:00:00', '2004-05-07'),
    ('36', 'E23295', '118941', '2004-05-08', NULL, '2004-05-08'),
    ('37', 'E23429', '114616', '2018-11-14', NULL, '2018-11-14'),
    ('38', 'E23590', '101850', '2013-04-06', NULL, '2013-04-06'),
    ('39', 'E23669', '77370', '2017-04-23', NULL, '2017-04-23'),
    ('40', 'E24100', '98994', '1997-03-06', NULL, '1997-03-06'),
    ('41', 'E24539', '173443', '2004-12-12', NULL, '2004-12-12'),
    ('42', 'E25144', '148005', '2007-10-25', NULL, '2007-10-25'),
    ('43', 'E25640', '40647', '2007-12-27', NULL, '2007-12-27'),
    ('44', 'E25662', '188080', '1995-06-22', NULL, '1995-06-22'),
    ('45', 'E25710', '77155', '2005-08-14', NULL, '2005-08-14'),
    ('46', 'E26322', '136509', '2010-10-20', NULL, '2010-10-20'),
    ('47', 'E26874', '45412', '2015-06-27', NULL, '2015-06-27'),
    ('48', 'E27267', '206383', '2010-08-29', NULL, '2010-08-29'),
    ('49', 'E27498', '72341', '1995-03-12', '2001-07-17 00:00:00', '2001-07-17'),
    ('50', 'E27498', '78206', '2001-07-18', NULL, '2001-07-18'),
    ('51', 'E27621', '28969', '2013-11-27', NULL, '2013-11-27'),
    ('52', 'E27909', '43778', '2014-06-20', NULL, '2014-06-20'),
    ('53', 'E28092', '174651', '2008-11-01', NULL, '2008-11-01'),
    ('54', 'E28638', '123909', '2004-06-02', NULL, '2004-06-02'),
    ('55', 'E29129', '118753', '2007-12-03', NULL, '2007-12-03'),
    ('56', 'E29652', '115791', '2007-06-14', NULL, '2007-06-14'),
    ('57', 'E30058', '81047', '2013-09-24', NULL, '2013-09-24'),
    ('58', 'E30317', '66952', '2019-01-03', NULL, '2019-01-03'),
    ('59', 'E30678', '91389', '2020-05-02', NULL, '2020-05-02'),
    ('60', 'E31241', '157102', '2014-05-10', NULL, '2014-05-10'),
    ('61', 'E31931', '38206', '2013-09-26', NULL, '2013-09-26'),
    ('62', 'E32058', '140534', '2009-01-19', NULL, '2009-01-19'),
    ('63', 'E32359', '102779', '2019-03-24', NULL, '2019-03-24'),
    ('64', 'E33486', '153296', '2000-08-02', NULL, '2000-08-02'),
    ('65', 'E34496', '31405', '2009-01-27', NULL, '2009-01-27'),
    ('66', 'E34500', '113744', '1997-01-17', NULL, '1997-01-17'),
    ('67', 'E34748', '71942', '2011-04-28', NULL, '2011-04-28'),
    ('68', 'E34816', '82192', '2000-08-01', NULL, '2000-08-01'),
    ('69', 'E35053', '41090', '2009-03-01', NULL, '2009-03-01'),
    ('70', 'E35075', '51633', '2007-08-29', NULL, '2007-08-29'),
    ('71', 'E35856', '99864', '2017-05-03', NULL, '2017-05-03'),
    ('72', 'E35860', '125831', '1999-08-18', NULL, '1999-08-18'),
    ('73', 'E36346', '100092', '1999-06-22', NULL, '1999-06-22'),
    ('74', 'E36960', '101294', '2008-04-26', NULL, '2008-04-26'),
    ('75', 'E36988', '48680', '2015-10-31', NULL, '2015-10-31'),
    ('76', 'E37246', '103370', '2013-10-23', NULL, '2013-10-23'),
    ('77', 'E37389', '172479', '1996-12-08', NULL, '1996-12-08'),
    ('78', 'E37523', '35638', '2017-12-02', NULL, '2017-12-02'),
    ('79', 'E38634', '144638', '2014-11-22', NULL, '2014-11-22'),
    ('80', 'E38677', '201404', '2014-04-17', NULL, '2014-04-17'),
    ('81', 'E38959', '83327', '2006-09-16', NULL, '2006-09-16'),
    ('82', 'E38997', '173887', '2007-09-21', NULL, '2007-09-21'),
    ('83', 'E39652', '71867', '2012-08-11', NULL, '2012-08-11'),
    ('84', 'E40432', '130129', '2010-01-30', NULL, '2010-01-30'),
    ('85', 'E41635', '134237', '2005-03-26', NULL, '2005-03-26'),
    ('86', 'E41712', '87465', '2012-01-06', NULL, '2012-01-06'),
    ('87', 'E42061', '212551', '2013-11-04', NULL, '2013-11-04'),
    ('88', 'E42522', '79694', '2007-05-26', NULL, '2007-05-26'),
    ('89', 'E42681', '101469', '1996-04-09', NULL, '1996-04-09'),
    ('90', 'E43694', '159035', '2016-10-28', NULL, '2016-10-28'),
    ('91', 'E44136', '70148', '2002-01-09', NULL, '2002-01-09'),
    ('92', 'E44426', '205000', '2007-05-02', NULL, '2007-05-02'),
    ('93', 'E45236', '123476', '2008-05-29', NULL, '2008-05-29'),
    ('94', 'E45405', '40083', '2000-09-06', NULL, '2000-09-06'),
    ('95', 'E45736', '156298', '2015-04-04', NULL, '2015-04-04'),
    ('96', 'E45758', '144623', '2017-12-19', NULL, '2017-12-19'),
    ('97', 'E45824', '51052', '2017-10-03', NULL, '2017-10-03'),
    ('98', 'E46366', '133564', '2004-10-16', NULL, '2004-10-16'),
    ('99', 'E47655', '207651', '1997-11-27', NULL, '1997-11-27'),
    ('100', 'E47926', '85880', '2008-05-31', NULL, '2008-05-31'),
    ('101', 'E48148', '39450', '2013-02-19', NULL, '2013-02-19'),
    ('102', 'E48637', '140231', '1999-09-26', NULL, '1999-09-26'),
    ('103', 'E48884', '103714', '2008-06-01', NULL, '2008-06-01'),
    ('104', 'E49025', '111308', '2005-06-09', NULL, '2005-06-09'),
    ('105', 'E49459', '42145', '2020-03-28', NULL, '2020-03-28'),
    ('106', 'E49798', '79408', '1998-01-09', NULL, '1998-01-09'),
    ('107', 'E50012', '37136', '2009-10-01', NULL, '2009-10-01'),
    ('108', 'E51619', '122334', '2011-10-05', NULL, '2011-10-05'),
    ('109', 'E51723', '35825', '2014-05-23', NULL, '2014-05-23'),
    ('110', 'E52461', '196705', '2014-11-11', NULL, '2014-11-11'),
    ('111', 'E52489', '27045', '2002-12-05', NULL, '2002-12-05'),
    ('112', 'E53406', '81812', '2001-10-25', NULL, '2001-10-25'),
    ('113', 'E53895', '28700', '2014-10-27', NULL, '2014-10-27'),
    ('114', 'E54196', '156344', '2004-12-18', NULL, '2004-12-18'),
    ('115', 'E55855', '175296', '2018-05-20', NULL, '2018-05-20'),
    ('116', 'E55880', '43410', '1995-07-18', NULL, '1995-07-18'),
    ('117', 'E56144', '169184', '2013-01-28', NULL, '2013-01-28'),
    ('118', 'E56444', '87817', '1999-06-10', NULL, '1999-06-10'),
    ('119', 'E56459', '42313', '2016-04-21', NULL, '2016-04-21'),
    ('120', 'E57502', '162790', '2016-07-21', NULL, '2016-07-21'),
    ('121', 'E57987', '49786', '2016-05-15', NULL, '2016-05-15'),
    ('122', 'E59688', '34809', '2006-01-11', NULL, '2006-01-11'),
    ('123', 'E60752', '138695', '2010-02-27', NULL, '2010-02-27'),
    ('124', 'E60901', '87887', '2010-01-10', NULL, '2010-01-10'),
    ('125', 'E60929', '195992', '2013-07-03', NULL, '2013-07-03'),
    ('126', 'E61614', '174060', '1996-07-21', NULL, '1996-07-21'),
    ('127', 'E61947', '212353', '2010-03-04', NULL, '2010-03-04'),
    ('128', 'E62100', '122810', '2000-02-15', NULL, '2000-02-15'),
    ('129', 'E62527', '49816', '2006-06-15', NULL, '2006-06-15'),
    ('130', 'E62634', '65515', '2014-08-19', NULL, '2014-08-19'),
    ('131', 'E63041', '176000', '1995-08-22', NULL, '1995-08-22'),
    ('132', 'E63930', '125439', '2009-02-25', NULL, '2009-02-25'),
    ('133', 'E63937', '84143', '2014-07-15', NULL, '2014-07-15'),
    ('134', 'E64494', '140024', '2007-05-11', NULL, '2007-05-11'),
    ('135', 'E64920', '153717', '2019-05-11', NULL, '2019-05-11'),
    ('136', 'E65052', '103346', '1995-09-15', NULL, '1995-09-15'),
    ('137', 'E66477', '86055', '2018-05-08', NULL, '2018-05-08'),
    ('138', 'E67190', '86624', '2007-07-24', NULL, '2007-07-24'),
    ('139', 'E67793', '52924', '2018-06-07', NULL, '2018-06-07'),
    ('140', 'E68807', '175879', '2010-11-10', NULL, '2010-11-10'),
    ('141', 'E69297', '31349', '2013-03-21', NULL, '2013-03-21'),
    ('142', 'E70374', '123946', '2007-08-19', NULL, '2007-08-19'),
    ('143', 'E70603', '89696', '2006-07-06', NULL, '2006-07-06'),
    ('144', 'E71128', '48749', '1998-01-28', NULL, '1998-01-28'),
    ('145', 'E71792', '123496', '2014-03-30', NULL, '2014-03-30'),
    ('146', 'E72436', '134130', '2013-05-11', NULL, '2013-05-11'),
    ('147', 'E73518', '51207', '2001-03-24', NULL, '2001-03-24'),
    ('148', 'E74296', '47909', '2016-12-19', NULL, '2016-12-19'),
    ('149', 'E74490', '196226', '1999-05-22', NULL, '1999-05-22'),
    ('150', 'E75081', '132436', '2008-10-08', NULL, '2008-10-08'),
    ('151', 'E75344', '135656', '2009-03-20', NULL, '2009-03-20'),
    ('152', 'E76053', '83548', '1998-08-23', NULL, '1998-08-23'),
    ('153', 'E76443', '114582', '2020-02-16', NULL, '2020-02-16'),
    ('154', 'E77317', '34693', '2015-05-20', NULL, '2015-05-20'),
    ('155', 'E77658', '113702', '2012-03-15', NULL, '2012-03-15'),
    ('156', 'E77884', '187000', '2002-12-09', NULL, '2002-12-09'),
    ('157', 'E78732', '34084', '2020-01-24', NULL, '2020-01-24'),
    ('158', 'E79464', '177673', '1999-05-01', NULL, '1999-05-01'),
    ('159', 'E79552', '84625', '2008-02-05', NULL, '2008-02-05'),
    ('160', 'E80744', '96416', '2020-01-09', NULL, '2020-01-09'),
    ('161', 'E81369', '93362', '2019-05-29', NULL, '2019-05-29'),
    ('162', 'E81502', '34677', '1999-10-24', NULL, '1999-10-24'),
    ('163', 'E82137', '97040', '2006-10-04', NULL, '2006-10-04'),
    ('164', 'E83512', '103110', '1996-10-22', NULL, '1996-10-22'),
    ('165', 'E83558', '45210', '1997-10-15', NULL, '1997-10-15'),
    ('166', 'E84122', '78751', '2017-10-28', NULL, '2017-10-28'),
    ('167', 'E85476', '71982', '2003-07-22', NULL, '2003-07-22'),
    ('168', 'E85640', '126529', '2001-02-03', NULL, '2001-02-03'),
    ('169', 'E86238', '30081', '2012-04-21', NULL, '2012-04-21'),
    ('170', 'E86828', '116831', '2011-09-29', NULL, '2011-09-29'),
    ('171', 'E87073', '146429', '2007-01-02', NULL, '2007-01-02'),
    ('172', 'E87210', '176207', '2014-04-18', NULL, '2014-04-18'),
    ('173', 'E87219', '34826', '2017-09-20', NULL, '2017-09-20'),
    ('174', 'E87230', '144637', '2014-11-10', NULL, '2014-11-10'),
    ('175', 'E87370', '105960', '2013-11-18', NULL, '2013-11-18'),
    ('176', 'E87822', '90884', '2014-04-02', NULL, '2014-04-02'),
    ('177', 'E88667', '210000', '1995-12-21', NULL, '1995-12-21'),
    ('178', 'E88864', '209418', '2008-11-15', NULL, '2008-11-15'),
    ('179', 'E89540', '38176', '2017-06-01', NULL, '2017-06-01'),
    ('180', 'E90222', '158549', '2016-11-01', NULL, '2016-11-01'),
    ('181', 'E90407', '28373', '2010-12-15', NULL, '2010-12-15'),
    ('182', 'E90435', '52933', '2017-02-20', NULL, '2017-02-20'),
    ('183', 'E90439', '92788', '2000-07-23', NULL, '2000-07-23'),
    ('184', 'E90990', '118125', '2014-11-16', NULL, '2014-11-16'),
    ('185', 'E91075', '68127', '2019-12-15', NULL, '2019-12-15'),
    ('186', 'E91182', '96015', '2013-05-18', NULL, '2013-05-18'),
    ('187', 'E91791', '29593', '2017-06-02', NULL, '2017-06-02'),
    ('188', 'E93629', '183807', '2013-07-22', NULL, '2013-07-22'),
    ('189', 'E93715', '196650', '1998-04-29', NULL, '1998-04-29'),
    ('190', 'E93734', '111114', '2005-06-21', NULL, '2005-06-21'),
    ('191', 'E93871', '88910', '2002-04-30', NULL, '2002-04-30'),
    ('192', 'E94358', '48239', '2007-07-08', NULL, '2007-07-08'),
    ('193', 'E94387', '191995', '2003-07-25', NULL, '2003-07-25'),
    ('194', 'E94552', '153362', '2013-10-31', NULL, '2013-10-31'),
    ('195', 'E95190', '51407', '2016-04-26', NULL, '2016-04-26'),
    ('196', 'E95199', '153889', '2017-01-09', NULL, '2017-01-09'),
    ('197', 'E95214', '93400', '2019-09-22', NULL, '2019-09-22'),
    ('198', 'E96856', '127669', '2017-11-27', NULL, '2017-11-27'),
    ('199', 'E96966', '134250', '2014-12-19', NULL, '2014-12-19'),
    ('200', 'E97018', '151379', '2000-09-08', NULL, '2000-09-08'),
    ('201', 'E97273', '137555', '2004-06-05', NULL, '2004-06-05'),
    ('202', 'E98270', '99218', '1997-12-24', NULL, '1997-12-24'),
    ('203', 'E98559', '101957', '2006-11-11', NULL, '2006-11-11'),
    ('204', 'E98891', '110704', '2017-09-30', NULL, '2017-09-30'),
    ('205', 'E99949', '50043', '2005-05-26', NULL, '2005-05-26');
    


INSERT INTO managers (id, employee_id, department_id, created_at, updated_at, deleted_at)
VALUES
    ('1', 'E63041', '1', '2022-05-30 12:09:36.858', '2022-05-30 12:09:36.858', NULL),
    ('2', 'E17054', '2', '2022-05-30 12:09:36.858', '2022-05-30 12:09:36.858', NULL),
    ('3', 'E44426', '3', '2022-05-30 12:09:36.858', '2022-05-30 12:09:36.858', NULL),
    ('4', 'E77884', '4', '2022-05-30 12:09:36.858', '2022-05-30 12:09:36.858', NULL),
    ('5', 'E88667', '5', '2022-05-30 12:09:36.858', '2022-05-30 12:09:36.858', NULL);
    


INSERT INTO job_descriptions (id, employee_id, department_id, title_id, location_id, created_at, updated_at, deleted_at)
VALUES
    ('1', 'E17469', '1', '1', '1', '2003-12-17', '2003-12-17', NULL),
    ('2', 'E27621', '1', '1', '1', '2013-11-27', '2013-11-27', NULL),
    ('3', 'E27909', '1', '1', '1', '2014-06-20', '2014-06-20', NULL),
    ('4', 'E59688', '1', '1', '1', '2006-01-11', '2006-01-11', NULL),
    ('5', 'E57987', '4', '1', '1', '2016-05-15', '2016-05-15', NULL),
    ('6', 'E56144', '1', '4', '1', '2013-01-28', '2013-01-28', NULL),
    ('7', 'E43694', '5', '4', '1', '2016-10-28', '2016-10-28', NULL),
    ('8', 'E63041', '1', '5', '1', '1995-08-22', '1995-08-22', NULL),
    ('9', 'E77884', '4', '5', '1', '2002-12-09', '2002-12-09', NULL),
    ('10', 'E88667', '5', '5', '1', '1995-12-21', '1995-12-21', NULL),
    ('11', 'E53895', '1', '9', '1', '2014-10-27', '2014-10-27', NULL),
    ('12', 'E55880', '1', '9', '1', '1995-07-18', '1995-07-18', NULL),
    ('13', 'E69297', '1', '9', '1', '2013-03-21', '2013-03-21', NULL),
    ('14', 'E86828', '3', '2', '1', '2011-09-29', '2011-09-29', NULL),
    ('15', 'E25710', '4', '3', '1', '2005-08-14', '2005-08-14', NULL),
    ('16', 'E77658', '4', '3', '1', '2012-03-15', '2012-03-15', NULL),
    ('17', 'E36960', '3', '6', '1', '2008-04-26', '2008-04-26', NULL),
    ('18', 'E80744', '4', '6', '1', '2020-01-09', '2020-01-09', NULL),
    ('19', 'E35856', '3', '10', '1', '2017-05-03', '2017-05-03', NULL),
    ('20', 'E84122', '3', '10', '1', '2017-10-28', '2017-10-28', NULL),
    ('21', 'E85640', '3', '10', '1', '2001-02-03', '2001-02-03', NULL),
    ('22', 'E26322', '4', '10', '1', '2010-10-20', '2010-10-20', NULL),
    ('23', 'E28092', '4', '8', '1', '2008-11-01', '2008-11-01', NULL),
    ('24', 'E54196', '4', '8', '1', '2004-12-18', '2004-12-18', NULL),
    ('25', 'E57502', '4', '8', '1', '2016-07-21', '2016-07-21', NULL),
    ('26', 'E42061', '5', '8', '1', '2013-11-04', '2013-11-04', NULL),
    ('27', 'E44136', '5', '8', '1', '2002-01-09', '2002-01-09', NULL),
    ('28', 'E87370', '5', '8', '1', '2013-11-18', '2013-11-18', NULL),
    ('29', 'E88864', '5', '8', '1', '2008-11-15', '2008-11-15', NULL),
    ('30', 'E35053', '1', '1', '2', '2009-03-01', '2009-03-01', NULL),
    ('31', 'E48148', '3', '1', '2', '2013-02-19', '2013-02-19', NULL),
    ('32', 'E50012', '3', '1', '2', '2009-10-01', '2009-10-01', NULL),
    ('33', 'E87210', '3', '4', '2', '2014-04-18', '2014-04-18', NULL),
    ('34', 'E60929', '4', '4', '2', '2013-07-03', '2013-07-03', NULL),
    ('35', 'E71792', '5', '4', '2', '2014-03-30', '2014-03-30', NULL),
    ('36', 'E31931', '1', '9', '2', '2013-09-26', '2013-09-26', NULL),
    ('37', 'E36988', '1', '9', '2', '2015-10-31', '2015-10-31', NULL),
    ('38', 'E49025', '3', '2', '2', '2005-06-09', '2005-06-09', NULL),
    ('39', 'E51619', '3', '3', '2', '2011-10-05', '2011-10-05', NULL),
    ('40', 'E60752', '4', '3', '2', '2010-02-27', '2010-02-27', NULL),
    ('41', 'E24100', '3', '6', '2', '1997-03-06', '1997-03-06', NULL),
    ('42', 'E48884', '3', '6', '2', '2008-06-01', '2008-06-01', NULL),
    ('43', 'E62527', '3', '6', '2', '2006-06-15', '2006-06-15', NULL),
    ('44', 'E66477', '4', '6', '2', '2018-05-08', '2018-05-08', NULL),
    ('45', 'E23295', '3', '10', '2', '2004-05-08', '2004-05-08', NULL),
    ('46', 'E23590', '3', '10', '2', '2013-04-06', '2013-04-06', NULL),
    ('47', 'E90439', '3', '10', '2', '2000-07-23', '2000-07-23', NULL),
    ('48', 'E90990', '3', '10', '2', '2014-11-16', '2014-11-16', NULL),
    ('49', 'E29652', '4', '10', '2', '2007-06-14', '2007-06-14', NULL),
    ('50', 'E62100', '4', '10', '2', '2000-02-15', '2000-02-15', NULL),
    ('51', 'E63937', '4', '10', '2', '2014-07-15', '2014-07-15', NULL),
    ('52', 'E28638', '4', '8', '2', '2004-06-02', '2004-06-02', NULL),
    ('53', 'E30058', '4', '8', '2', '2013-09-24', '2013-09-24', NULL),
    ('54', 'E63930', '4', '8', '2', '2009-02-25', '2009-02-25', NULL),
    ('55', 'E61947', '5', '8', '2', '2010-03-04', '2010-03-04', NULL),
    ('56', 'E65052', '5', '8', '2', '1995-09-15', '1995-09-15', NULL),
    ('57', 'E68807', '5', '8', '2', '2010-11-10', '2010-11-10', NULL),
    ('58', 'E70374', '5', '8', '2', '2007-08-19', '2007-08-19', NULL),
    ('59', 'E70603', '5', '8', '2', '2006-07-06', '2006-07-06', NULL),
    ('60', 'E23295', '5', '8', '2', '2003-04-08', '2004-05-07', '2004-05-07 00:00:00'),
    ('61', 'E51723', '1', '1', '3', '2014-05-23', '2014-05-23', NULL),
    ('62', 'E45824', '3', '1', '3', '2017-10-03', '2017-10-03', NULL),
    ('63', 'E81502', '3', '1', '3', '1999-10-24', '1999-10-24', NULL),
    ('64', 'E83558', '3', '1', '3', '1997-10-15', '1997-10-15', NULL),
    ('65', 'E37523', '4', '1', '3', '2017-12-02', '2017-12-02', NULL),
    ('66', 'E91791', '4', '1', '3', '2017-06-02', '2017-06-02', NULL),
    ('67', 'E89540', '5', '1', '3', '2017-06-01', '2017-06-01', NULL),
    ('68', 'E38677', '1', '4', '3', '2014-04-17', '2014-04-17', NULL),
    ('69', 'E45736', '1', '4', '3', '2015-04-04', '2015-04-04', NULL),
    ('70', 'E47655', '3', '4', '3', '1997-11-27', '1997-11-27', NULL),
    ('71', 'E21696', '4', '4', '3', '1997-12-06', '1997-12-06', NULL),
    ('72', 'E93629', '5', '4', '3', '2013-07-22', '2013-07-22', NULL),
    ('73', 'E44426', '3', '5', '3', '2007-05-02', '2007-05-02', NULL),
    ('74', 'E13085', '1', '9', '3', '2017-05-01', '2017-05-01', NULL),
    ('75', 'E14737', '1', '9', '3', '2012-07-22', '2012-07-22', NULL),
    ('76', 'E15267', '1', '9', '3', '1998-02-22', '1998-02-22', NULL),
    ('77', 'E45405', '1', '9', '3', '2000-09-06', '2000-09-06', NULL),
    ('78', 'E49459', '1', '9', '3', '2020-03-28', '2020-03-28', NULL),
    ('79', 'E52489', '1', '9', '3', '2002-12-05', '2002-12-05', NULL),
    ('80', 'E37246', '3', '2', '3', '2013-10-23', '2013-10-23', NULL),
    ('81', 'E41635', '3', '3', '3', '2005-03-26', '2005-03-26', NULL),
    ('82', 'E41712', '4', '3', '3', '2012-01-06', '2012-01-06', NULL),
    ('83', 'E42522', '4', '3', '3', '2007-05-26', '2007-05-26', NULL),
    ('84', 'E45758', '4', '3', '3', '2017-12-19', '2017-12-19', NULL),
    ('85', 'E48637', '4', '3', '3', '1999-09-26', '1999-09-26', NULL),
    ('86', 'E85476', '4', '3', '3', '2003-07-22', '2003-07-22', NULL),
    ('87', 'E79552', '3', '6', '3', '2008-02-05', '2008-02-05', NULL),
    ('88', 'E81369', '3', '6', '3', '2019-05-29', '2019-05-29', NULL),
    ('89', 'E83512', '3', '6', '3', '1996-10-22', '1996-10-22', NULL),
    ('90', 'E23669', '4', '6', '3', '2017-04-23', '2017-04-23', NULL),
    ('91', 'E47926', '4', '6', '3', '2008-05-31', '2008-05-31', NULL),
    ('92', 'E40432', '3', '10', '3', '2010-01-30', '2010-01-30', NULL),
    ('93', 'E82137', '3', '10', '3', '2006-10-04', '2006-10-04', NULL),
    ('94', 'E25144', '4', '10', '3', '2007-10-25', '2007-10-25', NULL),
    ('95', 'E38959', '4', '10', '3', '2006-09-16', '2006-09-16', NULL),
    ('96', 'E87822', '4', '10', '3', '2014-04-02', '2014-04-02', NULL),
    ('97', 'E22680', '4', '8', '3', '2013-10-26', '2013-10-26', NULL),
    ('98', 'E23429', '4', '8', '3', '2018-11-14', '2018-11-14', NULL),
    ('99', 'E25662', '4', '8', '3', '1995-06-22', '1995-06-22', NULL),
    ('100', 'E34816', '4', '8', '3', '2000-08-01', '2000-08-01', NULL),
    ('101', 'E35860', '4', '8', '3', '1999-08-18', '1999-08-18', NULL),
    ('102', 'E39652', '4', '8', '3', '2012-08-11', '2012-08-11', NULL),
    ('103', 'E42681', '4', '8', '3', '1996-04-09', '1996-04-09', NULL),
    ('104', 'E46366', '4', '8', '3', '2004-10-16', '2004-10-16', NULL),
    ('105', 'E49798', '4', '8', '3', '1998-01-09', '1998-01-09', NULL),
    ('106', 'E87073', '4', '8', '3', '2007-01-02', '2007-01-02', NULL),
    ('107', 'E91182', '4', '8', '3', '2013-05-18', '2013-05-18', NULL),
    ('108', 'E93734', '4', '8', '3', '2005-06-21', '2005-06-21', NULL),
    ('109', 'E45236', '5', '8', '3', '2008-05-29', '2008-05-29', NULL),
    ('110', 'E52461', '5', '8', '3', '2014-11-11', '2014-11-11', NULL),
    ('111', 'E55855', '5', '8', '3', '2018-05-20', '2018-05-20', NULL),
    ('112', 'E56444', '5', '8', '3', '1999-06-10', '1999-06-10', NULL),
    ('113', 'E60901', '5', '8', '3', '2010-01-10', '2010-01-10', NULL),
    ('114', 'E61614', '5', '8', '3', '1996-07-21', '1996-07-21', NULL),
    ('115', 'E90222', '5', '8', '3', '2016-11-01', '2016-11-01', NULL),
    ('116', 'E93715', '5', '8', '3', '1998-04-29', '1998-04-29', NULL),
    ('117', 'E98559', '5', '8', '3', '2006-11-11', '2006-11-11', NULL),
    ('118', 'E18697', '2', '1', '4', '1995-06-01', '1995-06-01', NULL),
    ('119', 'E25640', '2', '1', '4', '2007-12-27', '2007-12-27', NULL),
    ('120', 'E35075', '2', '1', '4', '2007-08-29', '2007-08-29', NULL),
    ('121', 'E56459', '2', '1', '4', '2016-04-21', '2016-04-21', NULL),
    ('122', 'E78732', '2', '1', '4', '2020-01-24', '2020-01-24', NULL),
    ('123', 'E90407', '2', '1', '4', '2010-12-15', '2010-12-15', NULL),
    ('124', 'E99949', '3', '1', '4', '2005-05-26', '2005-05-26', NULL),
    ('125', 'E12562', '4', '1', '4', '1996-04-14', '1996-04-14', NULL),
    ('126', 'E16346', '4', '1', '4', '2007-12-16', '2007-12-16', NULL),
    ('127', 'E94358', '4', '1', '4', '2007-07-08', '2007-07-08', NULL),
    ('128', 'E34496', '5', '1', '4', '2009-01-27', '2009-01-27', NULL),
    ('129', 'E33486', '2', '4', '4', '2000-08-02', '2000-08-02', NULL),
    ('130', 'E38634', '2', '4', '4', '2014-11-22', '2014-11-22', NULL),
    ('131', 'E53406', '2', '4', '4', '2001-10-25', '2001-10-25', NULL),
    ('132', 'E75081', '2', '4', '4', '2008-10-08', '2008-10-08', NULL),
    ('133', 'E79464', '2', '4', '4', '1999-05-01', '1999-05-01', NULL),
    ('134', 'E96856', '2', '4', '4', '2017-11-27', '2017-11-27', NULL),
    ('135', 'E15292', '1', '9', '4', '2007-02-22', '2011-02-05', '2011-02-05 00:00:00'),
    ('136', 'E20848', '1', '9', '4', '2002-04-16', '2006-07-25', '2006-07-25 00:00:00'),
    ('137', 'E17054', '2', '7', '4', '2006-09-07', '2006-09-07', NULL),
    ('138', 'E13160', '3', '2', '4', '2008-10-06', '2008-10-06', NULL),
    ('139', 'E16678', '3', '2', '4', '2005-11-25', '2005-11-25', NULL),
    ('140', 'E98891', '3', '2', '4', '2017-09-30', '2017-09-30', NULL),
    ('141', 'E98270', '3', '3', '4', '1997-12-24', '1997-12-24', NULL),
    ('142', 'E22197', '3', '6', '4', '2013-09-22', '2013-09-22', NULL),
    ('143', 'E16678', '3', '6', '4', '1999-02-16', '2005-11-24', '2005-11-24 00:00:00'),
    ('144', 'E11678', '4', '6', '4', '2001-12-26', '2001-12-26', NULL),
    ('145', 'E12397', '4', '6', '4', '2013-11-17', '2013-11-17', NULL),
    ('146', 'E14913', '4', '6', '4', '1998-07-15', '1998-07-15', NULL),
    ('147', 'E13160', '4', '6', '4', '2004-07-06', '2008-10-05', '2008-10-05 00:00:00'),
    ('148', 'E15292', '3', '10', '4', '2011-02-06', '2011-02-06', NULL),
    ('149', 'E20848', '3', '10', '4', '2006-07-26', '2006-07-26', NULL),
    ('150', 'E97018', '3', '10', '4', '2000-09-08', '2000-09-08', NULL),
    ('151', 'E10033', '4', '10', '4', '2016-03-07', '2016-03-07', NULL),
    ('152', 'E12890', '4', '10', '4', '2010-06-06', '2010-06-06', NULL),
    ('153', 'E18659', '4', '10', '4', '2008-01-27', '2008-01-27', NULL),
    ('154', 'E21348', '4', '10', '4', '2016-09-28', '2016-09-28', NULL),
    ('155', 'E10407', '4', '8', '4', '2018-10-08', '2018-10-08', NULL),
    ('156', 'E13596', '4', '8', '4', '2012-04-09', '2012-04-09', NULL),
    ('157', 'E16995', '4', '8', '4', '2001-02-28', '2001-02-28', NULL),
    ('158', 'E93871', '4', '8', '4', '2002-04-30', '2002-04-30', NULL),
    ('159', 'E94387', '4', '8', '4', '2003-07-25', '2003-07-25', NULL),
    ('160', 'E95199', '4', '8', '4', '2017-01-09', '2017-01-09', NULL),
    ('161', 'E97273', '4', '8', '4', '2004-06-05', '2004-06-05', NULL),
    ('162', 'E11920', '5', '8', '4', '2006-06-19', '2006-06-19', NULL),
    ('163', 'E16276', '5', '8', '4', '1996-03-07', '1996-03-07', NULL),
    ('164', 'E17372', '5', '8', '4', '2009-06-08', '2009-06-08', NULL),
    ('165', 'E20101', '5', '8', '4', '2012-12-03', '2012-12-03', NULL),
    ('166', 'E22785', '5', '8', '4', '1997-12-08', '1997-12-08', NULL),
    ('167', 'E24539', '5', '8', '4', '2004-12-12', '2004-12-12', NULL),
    ('168', 'E27267', '5', '8', '4', '2010-08-29', '2010-08-29', NULL),
    ('169', 'E29129', '5', '8', '4', '2007-12-03', '2007-12-03', NULL),
    ('170', 'E32359', '5', '8', '4', '2019-03-24', '2019-03-24', NULL),
    ('171', 'E36346', '5', '8', '4', '1999-06-22', '1999-06-22', NULL),
    ('172', 'E37389', '5', '8', '4', '1996-12-08', '1996-12-08', NULL),
    ('173', 'E38997', '5', '8', '4', '2007-09-21', '2007-09-21', NULL),
    ('174', 'E73518', '4', '1', '5', '2001-03-24', '2001-03-24', NULL),
    ('175', 'E74296', '4', '1', '5', '2016-12-19', '2016-12-19', NULL),
    ('176', 'E77317', '4', '1', '5', '2015-05-20', '2015-05-20', NULL),
    ('177', 'E87219', '5', '1', '5', '2017-09-20', '2017-09-20', NULL),
    ('178', 'E95214', '3', '4', '5', '2019-09-22', '2019-09-22', NULL),
    ('179', 'E76053', '4', '4', '5', '1998-08-23', '1998-08-23', NULL),
    ('180', 'E71128', '1', '9', '5', '1998-01-28', '1998-01-28', NULL),
    ('181', 'E86238', '1', '9', '5', '2012-04-21', '2012-04-21', NULL),
    ('182', 'E90435', '1', '9', '5', '2017-02-20', '2017-02-20', NULL),
    ('183', 'E95190', '1', '9', '5', '2016-04-26', '2016-04-26', NULL),
    ('184', 'E27498', '3', '2', '5', '2001-07-18', '2001-07-18', NULL),
    ('185', 'E76443', '3', '2', '5', '2020-02-16', '2020-02-16', NULL),
    ('186', 'E34500', '3', '3', '5', '1997-01-17', '1997-01-17', NULL),
    ('187', 'E26874', '3', '6', '5', '2015-06-27', '2015-06-27', NULL),
    ('188', 'E34748', '3', '6', '5', '2011-04-28', '2011-04-28', NULL),
    ('189', 'E62634', '3', '6', '5', '2014-08-19', '2014-08-19', NULL),
    ('190', 'E67793', '3', '6', '5', '2018-06-07', '2018-06-07', NULL),
    ('191', 'E91075', '3', '6', '5', '2019-12-15', '2019-12-15', NULL),
    ('192', 'E27498', '3', '6', '5', '1995-03-12', '2001-07-17', '2001-07-17 00:00:00'),
    ('193', 'E30317', '4', '6', '5', '2019-01-03', '2019-01-03', NULL),
    ('194', 'E64494', '3', '10', '5', '2007-05-11', '2007-05-11', NULL),
    ('195', 'E64920', '3', '10', '5', '2019-05-11', '2019-05-11', NULL),
    ('196', 'E75344', '3', '10', '5', '2009-03-20', '2009-03-20', NULL),
    ('197', 'E94552', '3', '10', '5', '2013-10-31', '2013-10-31', NULL),
    ('198', 'E96966', '3', '10', '5', '2014-12-19', '2014-12-19', NULL),
    ('199', 'E30678', '4', '8', '5', '2020-05-02', '2020-05-02', NULL),
    ('200', 'E31241', '4', '8', '5', '2014-05-10', '2014-05-10', NULL),
    ('201', 'E32058', '4', '8', '5', '2009-01-19', '2009-01-19', NULL),
    ('202', 'E67190', '4', '8', '5', '2007-07-24', '2007-07-24', NULL),
    ('203', 'E72436', '5', '8', '5', '2013-05-11', '2013-05-11', NULL),
    ('204', 'E74490', '5', '8', '5', '1999-05-22', '1999-05-22', NULL),
    ('205', 'E87230', '5', '8', '5', '2014-11-10', '2014-11-10', NULL);
    
